-- Members
INSERT INTO Members (MemberID, FullName, ProfileImageURL, Programme, Branch, BatchYear, Email, ContactNumber, Age, Gender, GoogleSub) VALUES ('28498438','Myra Khan','https://robohash.org/28498438.png?set=set4','M.Tech.','Computer Science and Engineering',2029,'myra.khan@iitgn.ac.in','6371872528',22,'F','dummy_sub_28498438'),('28498439','Anaya Mehta','https://robohash.org/28498439.png?set=set4','M.Tech.','Integrated Circuit Design and Technology',2029,'anaya.mehta@iitgn.ac.in','6157043256',24,'F','dummy_sub_28498439'),('28498440','Ayaan Nair','https://robohash.org/28498440.png?set=set4','PhD','Artificial Intelligence',2026,'ayaan.nair@iitgn.ac.in','9965758745',29,'M','dummy_sub_28498440'),('28498441','Kiara Singh','https://robohash.org/28498441.png?set=set4','B.Tech.-M.Tech. Dual Degree','Artificial Intelligence',2028,'kiara.singh@iitgn.ac.in','9146086242',22,'F','dummy_sub_28498441'),('28498442','Arjun Mishra','https://robohash.org/28498442.png?set=set4','B.Tech.','Computer Science and Engineering',2029,'arjun.mishra@iitgn.ac.in','9036360323',23,'M','dummy_sub_28498442'),('28498443','Aadhya Yadav','https://robohash.org/28498443.png?set=set4','PhD','Physics',2031,'aadhya.yadav@iitgn.ac.in','8957796664',31,'F','dummy_sub_28498443'),('28498444','Aadhya Mishra','https://robohash.org/28498444.png?set=set4','PhD','Mechanical Engineering',2029,'aadhya.mishra@iitgn.ac.in','6977276542',24,'F','dummy_sub_28498444'),('28498445','Shanaya Khan','https://robohash.org/28498445.png?set=set4','PhD','Design',2030,'shanaya.khan@iitgn.ac.in','7127783953',30,'F','dummy_sub_28498445'),('28498446','Ishaan Chaudhary','https://robohash.org/28498446.png?set=set4','B.Tech.','Computer Science and Engineering',2026,'ishaan.chaudhary@iitgn.ac.in','8938941125',18,'M','dummy_sub_28498446'),('28498447','Kiaan Khan','https://robohash.org/28498447.png?set=set4','B.Tech.-M.Tech. Dual Degree','Mechanical Engineering',2026,'kiaan.khan@iitgn.ac.in','8955939794',22,'M','dummy_sub_28498447'),('28498448','Inaaya Shah','https://robohash.org/28498448.png?set=set4','B.Tech.','Integrated Circuit Design & Technology',2030,'inaaya.shah@iitgn.ac.in','6083558530',18,'F','dummy_sub_28498448'),('28498449','Aadhya Sharma','https://robohash.org/28498449.png?set=set4','PhD','Design',2030,'aadhya.sharma@iitgn.ac.in','9167768520',28,'F','dummy_sub_28498449'),('28498450','Diya Rao','https://robohash.org/28498450.png?set=set4','PhD','Design',2030,'diya.rao@iitgn.ac.in','7685045165',26,'F','dummy_sub_28498450'),('28498451','Diya Iyer','https://robohash.org/28498451.png?set=set4','PhD','Humanities & Social Sciences',2026,'diya.iyer@iitgn.ac.in','7992992383',35,'F','dummy_sub_28498451'),('28498452','Ishaan Reddy','https://robohash.org/28498452.png?set=set4','M.Tech.','Computer Science and Engineering',2029,'ishaan.reddy@iitgn.ac.in','7440844189',23,'M','dummy_sub_28498452'),('28498453','Diya Sharma','https://robohash.org/28498453.png?set=set4','PhD','Electrical Engineering',2026,'diya.sharma@iitgn.ac.in','6832443945',24,'F','dummy_sub_28498453'),('28498454','Aadhya Khan','https://robohash.org/28498454.png?set=set4','B.Tech.-M.Tech. Dual Degree','Computer Science and Engineering',2028,'aadhya.khan@iitgn.ac.in','7467612805',20,'F','dummy_sub_28498454'),('28498455','Reyansh Reddy','https://robohash.org/28498455.png?set=set4','B.Tech.-M.Tech. Dual Degree','Integrated Circuit Design & Technology',2027,'reyansh.reddy@iitgn.ac.in','7336558203',19,'M','dummy_sub_28498455'),('28498456','Vihaan Kumar','https://robohash.org/28498456.png?set=set4','PhD','Design',2027,'vihaan.kumar@iitgn.ac.in','8456766208',26,'M','dummy_sub_28498456'),('28498457','Vihaan Khan','https://robohash.org/28498457.png?set=set4','B.Tech.-M.Tech. Dual Degree','Computer Science and Engineering',2031,'vihaan.khan@iitgn.ac.in','9442511298',21,'M','dummy_sub_28498457'),('28498458','Navya Shah','https://robohash.org/28498458.png?set=set4','M.Tech.','Computer Science and Engineering',2031,'navya.shah@iitgn.ac.in','7405900382',24,'F','dummy_sub_28498458'),('28498459','Vamika Singh','https://robohash.org/28498459.png?set=set4','B.Tech.','Chemical Engineering',2031,'vamika.singh@iitgn.ac.in','6550707418',20,'F','dummy_sub_28498459'),('28498460','Shaurya Patel','https://robohash.org/28498460.png?set=set4','B.Tech.','Computer Science and Engineering',2026,'shaurya.patel@iitgn.ac.in','6532512076',20,'M','dummy_sub_28498460'),('28498461','Arjun Gupta','https://robohash.org/28498461.png?set=set4','M.Tech.','Artificial Intelligence',2029,'arjun.gupta@iitgn.ac.in','6691635952',27,'M','dummy_sub_28498461'),('28498462','Shaurya Singh','https://robohash.org/28498462.png?set=set4','B.Tech.-M.Tech. Dual Degree','Materials Engineering',2031,'shaurya.singh@iitgn.ac.in','8866823487',23,'M','dummy_sub_28498462'),('28498463','Reyansh Agarwal','https://robohash.org/28498463.png?set=set4','B.Tech.','Integrated Circuit Design & Technology',2027,'reyansh.agarwal@iitgn.ac.in','7170048076',21,'M','dummy_sub_28498463'),('28498464','Kiara Rao','https://robohash.org/28498464.png?set=set4','B.Tech.','Integrated Circuit Design & Technology',2026,'kiara.rao@iitgn.ac.in','9896175005',21,'F','dummy_sub_28498464'),('28498465','Shaurya Gupta','https://robohash.org/28498465.png?set=set4','B.Tech.','Materials Engineering',2028,'shaurya.gupta@iitgn.ac.in','6560622915',18,'M','dummy_sub_28498465'),('28498466','Reyansh Mishra','https://robohash.org/28498466.png?set=set4','B.Tech.','Computer Science and Engineering',2028,'reyansh.mishra@iitgn.ac.in','7001045689',23,'M','dummy_sub_28498466'),('28498467','Anaya Shah','https://robohash.org/28498467.png?set=set4','B.Tech.','Artificial Intelligence',2028,'anaya.shah@iitgn.ac.in','8845782775',22,'F','dummy_sub_28498467');

-- MemberStats
INSERT INTO MemberStats (MemberID, AverageRating, TotalRidesTaken, TotalRidesHosted, NumberOfRatings) VALUES (28498438, 3.43, 99, 1, 198);
INSERT INTO MemberStats (MemberID, AverageRating, TotalRidesTaken, TotalRidesHosted, NumberOfRatings) VALUES (28498439, 4.67, 73, 54, 146);
INSERT INTO MemberStats (MemberID, AverageRating, TotalRidesTaken, TotalRidesHosted, NumberOfRatings) VALUES (28498440, 3.06, 76, 1, 152);
INSERT INTO MemberStats (MemberID, AverageRating, TotalRidesTaken, TotalRidesHosted, NumberOfRatings) VALUES (28498441, 3.24, 100, 99, 200);
INSERT INTO MemberStats (MemberID, AverageRating, TotalRidesTaken, TotalRidesHosted, NumberOfRatings) VALUES (28498442, 2.0, 104, 64, 208);
INSERT INTO MemberStats (MemberID, AverageRating, TotalRidesTaken, TotalRidesHosted, NumberOfRatings) VALUES (28498443, 2.25, 52, 33, 104);
INSERT INTO MemberStats (MemberID, AverageRating, TotalRidesTaken, TotalRidesHosted, NumberOfRatings) VALUES (28498444, 3.59, 103, 49, 206);
INSERT INTO MemberStats (MemberID, AverageRating, TotalRidesTaken, TotalRidesHosted, NumberOfRatings) VALUES (28498445, 4.53, 73, 6, 146);
INSERT INTO MemberStats (MemberID, AverageRating, TotalRidesTaken, TotalRidesHosted, NumberOfRatings) VALUES (28498446, 1.24, 104, 36, 208);
INSERT INTO MemberStats (MemberID, AverageRating, TotalRidesTaken, TotalRidesHosted, NumberOfRatings) VALUES (28498447, 1.26, 131, 75, 262);
INSERT INTO MemberStats (MemberID, AverageRating, TotalRidesTaken, TotalRidesHosted, NumberOfRatings) VALUES (28498448, 1.51, 169, 88, 338);
INSERT INTO MemberStats (MemberID, AverageRating, TotalRidesTaken, TotalRidesHosted, NumberOfRatings) VALUES (28498449, 2.83, 65, 38, 130);
INSERT INTO MemberStats (MemberID, AverageRating, TotalRidesTaken, TotalRidesHosted, NumberOfRatings) VALUES (28498450, 4.13, 138, 73, 276);
INSERT INTO MemberStats (MemberID, AverageRating, TotalRidesTaken, TotalRidesHosted, NumberOfRatings) VALUES (28498451, 3.75, 116, 96, 232);
INSERT INTO MemberStats (MemberID, AverageRating, TotalRidesTaken, TotalRidesHosted, NumberOfRatings) VALUES (28498452, 1.49, 102, 44, 204);
INSERT INTO MemberStats (MemberID, AverageRating, TotalRidesTaken, TotalRidesHosted, NumberOfRatings) VALUES (28498453, 2.38, 125, 57, 250);
INSERT INTO MemberStats (MemberID, AverageRating, TotalRidesTaken, TotalRidesHosted, NumberOfRatings) VALUES (28498454, 2.87, 74, 2, 148);
INSERT INTO MemberStats (MemberID, AverageRating, TotalRidesTaken, TotalRidesHosted, NumberOfRatings) VALUES (28498455, 4.69, 67, 64, 134);
INSERT INTO MemberStats (MemberID, AverageRating, TotalRidesTaken, TotalRidesHosted, NumberOfRatings) VALUES (28498456, 2.18, 108, 35, 216);
INSERT INTO MemberStats (MemberID, AverageRating, TotalRidesTaken, TotalRidesHosted, NumberOfRatings) VALUES (28498457, 1.62, 79, 46, 158);
INSERT INTO MemberStats (MemberID, AverageRating, TotalRidesTaken, TotalRidesHosted, NumberOfRatings) VALUES (28498458, 1.27, 35, 25, 70);
INSERT INTO MemberStats (MemberID, AverageRating, TotalRidesTaken, TotalRidesHosted, NumberOfRatings) VALUES (28498459, 3.86, 97, 49, 194);
INSERT INTO MemberStats (MemberID, AverageRating, TotalRidesTaken, TotalRidesHosted, NumberOfRatings) VALUES (28498460, 3.28, 98, 96, 196);
INSERT INTO MemberStats (MemberID, AverageRating, TotalRidesTaken, TotalRidesHosted, NumberOfRatings) VALUES (28498461, 2.66, 70, 2, 140);
INSERT INTO MemberStats (MemberID, AverageRating, TotalRidesTaken, TotalRidesHosted, NumberOfRatings) VALUES (28498462, 1.79, 46, 23, 92);
INSERT INTO MemberStats (MemberID, AverageRating, TotalRidesTaken, TotalRidesHosted, NumberOfRatings) VALUES (28498463, 1.63, 70, 47, 140);
INSERT INTO MemberStats (MemberID, AverageRating, TotalRidesTaken, TotalRidesHosted, NumberOfRatings) VALUES (28498464, 3.52, 131, 60, 262);
INSERT INTO MemberStats (MemberID, AverageRating, TotalRidesTaken, TotalRidesHosted, NumberOfRatings) VALUES (28498465, 3.71, 44, 38, 88);
INSERT INTO MemberStats (MemberID, AverageRating, TotalRidesTaken, TotalRidesHosted, NumberOfRatings) VALUES (28498466, 3.72, 164, 68, 328);
INSERT INTO MemberStats (MemberID, AverageRating, TotalRidesTaken, TotalRidesHosted, NumberOfRatings) VALUES (28498467, 3.17, 132, 66, 264);


-- Vehicles Table
INSERT INTO Vehicles (VehicleID, VehicleType, MaxCapacity) 
VALUES 
    (1, 'Bike', 1),
    (2, 'Auto Rickshaw', 3),
    (3, 'Mini Cab', 4),
    (4, 'Sedan Cab', 4),
    (5, 'SUV Cab', 6),
    (6, 'Premium SUV', 7);
    (7, 'Luxury Sedan', 4),
    (8, 'Electric Cab', 4),
    (9, 'Tempo Traveller', 12),
    (10, 'Van Cab', 8),
    (11, 'Shared Shuttle', 10);

-- Active Rides
INSERT INTO ActiveRides (RideID, AdminID, AvailableSeats, PassengerCount, Source, Destination, VehicleType, StartTime, EstimatedTime, FemaleOnly) VALUES ('dd1ee643-2f02-4546-977c-bc55fd4b55ea', 28498463, 1, 3, 'SVPI Airport', 'IIT Gandhinagar (Palaj)', 'Mini Cab', '2026-02-17 01:03:11', 74, TRUE);
INSERT INTO ActiveRides (RideID, AdminID, AvailableSeats, PassengerCount, Source, Destination, VehicleType, StartTime, EstimatedTime, FemaleOnly) VALUES ('6e0180e5-20d9-4e12-872f-f6b45ef5cd82', 28498446, 0, 1, 'IIT Gandhinagar (Palaj)', 'IIT Gandhinagar (Palaj)', 'Bike', '2026-02-16 15:03:11', 81, FALSE);
INSERT INTO ActiveRides (RideID, AdminID, AvailableSeats, PassengerCount, Source, Destination, VehicleType, StartTime, EstimatedTime, FemaleOnly) VALUES ('119fb431-101b-49d7-be17-92e9caab7c87', 28498438, 1, 5, 'IIT Gandhinagar (Palaj)', 'IIT Gandhinagar (Palaj)', 'SUV Cab', '2026-02-15 14:03:11', 45, FALSE);
INSERT INTO ActiveRides (RideID, AdminID, AvailableSeats, PassengerCount, Source, Destination, VehicleType, StartTime, EstimatedTime, FemaleOnly) VALUES ('c409227a-e96e-4444-8749-15c2bd03d2ae', 28498455, 0, 6, 'Infocity', 'Infocity', 'SUV Cab', '2026-02-15 19:03:11', 38, FALSE);
INSERT INTO ActiveRides (RideID, AdminID, AvailableSeats, PassengerCount, Source, Destination, VehicleType, StartTime, EstimatedTime, FemaleOnly) VALUES ('6f179c80-7958-4a77-b0fb-00d61de45087', 28498445, 0, 1, 'Gift City', 'IIT Gandhinagar (Palaj)', 'Bike', '2026-02-16 19:03:11', 88, TRUE);
INSERT INTO ActiveRides (RideID, AdminID, AvailableSeats, PassengerCount, Source, Destination, VehicleType, StartTime, EstimatedTime, FemaleOnly) VALUES ('bc1f49d4-f927-4adf-97a8-86c33187bf44', 28498459, 2, 1, 'IIT Gandhinagar (Palaj)', 'SG Highway', 'Auto Rickshaw', '2026-02-16 05:03:11', 55, FALSE);
INSERT INTO ActiveRides (RideID, AdminID, AvailableSeats, PassengerCount, Source, Destination, VehicleType, StartTime, EstimatedTime, FemaleOnly) VALUES ('9735ef94-75bf-49ed-bb07-953d50455b23', 28498438, 1, 3, 'IIT Gandhinagar (Palaj)', 'Ahmedabad Railway Station', 'Mini Cab', '2026-02-16 06:03:11', 68, FALSE);
INSERT INTO ActiveRides (RideID, AdminID, AvailableSeats, PassengerCount, Source, Destination, VehicleType, StartTime, EstimatedTime, FemaleOnly) VALUES ('4d54af73-b35e-4410-b352-f3eb42ebf559', 28498438, 0, 6, 'Ahmedabad Railway Station', 'Ahmedabad Railway Station', 'SUV Cab', '2026-02-16 04:03:11', 56, FALSE);
INSERT INTO ActiveRides (RideID, AdminID, AvailableSeats, PassengerCount, Source, Destination, VehicleType, StartTime, EstimatedTime, FemaleOnly) VALUES ('1aa9cfe1-5983-4e69-b836-f2dd09f29b7b', 28498461, 0, 1, 'SVPI Airport', 'IIT Gandhinagar (Palaj)', 'Bike', '2026-02-15 03:03:11', 36, FALSE);
INSERT INTO ActiveRides (RideID, AdminID, AvailableSeats, PassengerCount, Source, Destination, VehicleType, StartTime, EstimatedTime, FemaleOnly) VALUES ('a1287b4e-2a85-444b-9813-c5a4759cce8c', 28498439, 0, 3, 'IIT Gandhinagar (Palaj)', 'Kudasan', 'Auto Rickshaw', '2026-02-16 21:03:11', 62, TRUE);
INSERT INTO ActiveRides (RideID, AdminID, AvailableSeats, PassengerCount, Source, Destination, VehicleType, StartTime, EstimatedTime, FemaleOnly) VALUES ('f29f6565-5bc4-495a-9878-4b91b3b876c3', 28498452, 3, 1, 'IIT Gandhinagar (Palaj)', 'IIT Gandhinagar (Palaj)', 'Sedan Cab', '2026-02-16 21:03:11', 78, FALSE);
INSERT INTO ActiveRides (RideID, AdminID, AvailableSeats, PassengerCount, Source, Destination, VehicleType, StartTime, EstimatedTime, FemaleOnly) VALUES ('2b1c3ff3-e65b-40d9-baa2-a294f843e35d', 28498447, 3, 4, 'IIT Gandhinagar (Palaj)', 'IIT Gandhinagar (Palaj)', 'Premium SUV', '2026-02-16 08:03:11', 87, FALSE);
INSERT INTO ActiveRides (RideID, AdminID, AvailableSeats, PassengerCount, Source, Destination, VehicleType, StartTime, EstimatedTime, FemaleOnly) VALUES ('b83d9c8b-0278-4a57-9ba7-4b9673550776', 28498459, 3, 3, 'IIT Gandhinagar (Palaj)', 'IIT Gandhinagar (Palaj)', 'SUV Cab', '2026-02-15 09:03:11', 39, TRUE);
INSERT INTO ActiveRides (RideID, AdminID, AvailableSeats, PassengerCount, Source, Destination, VehicleType, StartTime, EstimatedTime, FemaleOnly) VALUES ('553aced0-6547-41e5-9aaa-26ddf8e769ed', 28498442, 1, 6, 'IIT Gandhinagar (Palaj)', 'Gift City', 'Premium SUV', '2026-02-15 06:03:11', 71, TRUE);
INSERT INTO ActiveRides (RideID, AdminID, AvailableSeats, PassengerCount, Source, Destination, VehicleType, StartTime, EstimatedTime, FemaleOnly) VALUES ('7dad019c-c58d-42db-be4f-9d7d794b57ed', 28498464, 0, 3, 'Gift City', 'IIT Gandhinagar (Palaj)', 'Auto Rickshaw', '2026-02-16 13:03:11', 56, FALSE);
INSERT INTO ActiveRides (RideID, AdminID, AvailableSeats, PassengerCount, Source, Destination, VehicleType, StartTime, EstimatedTime, FemaleOnly) VALUES ('7262c937-95e9-4526-9efc-1d2d65db305c', 28498445, 1, 2, 'SVPI Airport', 'SVPI Airport', 'Auto Rickshaw', '2026-02-16 18:03:11', 55, FALSE);
INSERT INTO ActiveRides (RideID, AdminID, AvailableSeats, PassengerCount, Source, Destination, VehicleType, StartTime, EstimatedTime, FemaleOnly) VALUES ('b6facd13-306b-4a00-9ef0-da8c342217a1', 28498449, 0, 6, 'SVPI Airport', 'SVPI Airport', 'SUV Cab', '2026-02-16 17:03:11', 33, FALSE);
INSERT INTO ActiveRides (RideID, AdminID, AvailableSeats, PassengerCount, Source, Destination, VehicleType, StartTime, EstimatedTime, FemaleOnly) VALUES ('4ced265c-6fa0-4485-a41c-267d1b8c52bf', 28498447, 1, 2, 'Gift City', 'IIT Gandhinagar (Palaj)', 'Auto Rickshaw', '2026-02-15 12:03:11', 45, TRUE);
INSERT INTO ActiveRides (RideID, AdminID, AvailableSeats, PassengerCount, Source, Destination, VehicleType, StartTime, EstimatedTime, FemaleOnly) VALUES ('351d6041-9b8f-4b93-b3c8-613788d14dbe', 28498443, 0, 4, 'IIT Gandhinagar (Palaj)', 'IIT Gandhinagar (Palaj)', 'Sedan Cab', '2026-02-16 06:03:11', 81, TRUE);
INSERT INTO ActiveRides (RideID, AdminID, AvailableSeats, PassengerCount, Source, Destination, VehicleType, StartTime, EstimatedTime, FemaleOnly) VALUES ('b673fea0-b774-41f3-9e76-2846183a7467', 28498465, 1, 3, 'IIT Gandhinagar (Palaj)', 'IIT Gandhinagar (Palaj)', 'Sedan Cab', '2026-02-15 19:03:11', 82, FALSE);

-- Passenger Mapping
INSERT INTO RidePassengerMap (RideID, PassengerID, IsConfirmed) VALUES ('6e0180e5-20d9-4e12-872f-f6b45ef5cd82', 28498445, FALSE);
INSERT INTO RidePassengerMap (RideID, PassengerID, IsConfirmed) VALUES ('6e0180e5-20d9-4e12-872f-f6b45ef5cd82', 28498461, FALSE);
INSERT INTO RidePassengerMap (RideID, PassengerID, IsConfirmed) VALUES ('119fb431-101b-49d7-be17-92e9caab7c87', 28498461, FALSE);
INSERT INTO RidePassengerMap (RideID, PassengerID, IsConfirmed) VALUES ('119fb431-101b-49d7-be17-92e9caab7c87', 28498467, FALSE);
INSERT INTO RidePassengerMap (RideID, PassengerID, IsConfirmed) VALUES ('c409227a-e96e-4444-8749-15c2bd03d2ae', 28498465, TRUE);
INSERT INTO RidePassengerMap (RideID, PassengerID, IsConfirmed) VALUES ('6f179c80-7958-4a77-b0fb-00d61de45087', 28498466, FALSE);
INSERT INTO RidePassengerMap (RideID, PassengerID, IsConfirmed) VALUES ('6f179c80-7958-4a77-b0fb-00d61de45087', 28498454, TRUE);
INSERT INTO RidePassengerMap (RideID, PassengerID, IsConfirmed) VALUES ('bc1f49d4-f927-4adf-97a8-86c33187bf44', 28498450, FALSE);
INSERT INTO RidePassengerMap (RideID, PassengerID, IsConfirmed) VALUES ('bc1f49d4-f927-4adf-97a8-86c33187bf44', 28498447, FALSE);
INSERT INTO RidePassengerMap (RideID, PassengerID, IsConfirmed) VALUES ('9735ef94-75bf-49ed-bb07-953d50455b23', 28498456, TRUE);
INSERT INTO RidePassengerMap (RideID, PassengerID, IsConfirmed) VALUES ('1aa9cfe1-5983-4e69-b836-f2dd09f29b7b', 28498441, FALSE);
INSERT INTO RidePassengerMap (RideID, PassengerID, IsConfirmed) VALUES ('1aa9cfe1-5983-4e69-b836-f2dd09f29b7b', 28498440, TRUE);
INSERT INTO RidePassengerMap (RideID, PassengerID, IsConfirmed) VALUES ('a1287b4e-2a85-444b-9813-c5a4759cce8c', 28498451, TRUE);
INSERT INTO RidePassengerMap (RideID, PassengerID, IsConfirmed) VALUES ('a1287b4e-2a85-444b-9813-c5a4759cce8c', 28498448, TRUE);
INSERT INTO RidePassengerMap (RideID, PassengerID, IsConfirmed) VALUES ('f29f6565-5bc4-495a-9878-4b91b3b876c3', 28498450, TRUE);
INSERT INTO RidePassengerMap (RideID, PassengerID, IsConfirmed) VALUES ('f29f6565-5bc4-495a-9878-4b91b3b876c3', 28498464, TRUE);
INSERT INTO RidePassengerMap (RideID, PassengerID, IsConfirmed) VALUES ('b83d9c8b-0278-4a57-9ba7-4b9673550776', 28498451, TRUE);
INSERT INTO RidePassengerMap (RideID, PassengerID, IsConfirmed) VALUES ('b83d9c8b-0278-4a57-9ba7-4b9673550776', 28498446, FALSE);
INSERT INTO RidePassengerMap (RideID, PassengerID, IsConfirmed) VALUES ('553aced0-6547-41e5-9aaa-26ddf8e769ed', 28498461, FALSE);
INSERT INTO RidePassengerMap (RideID, PassengerID, IsConfirmed) VALUES ('553aced0-6547-41e5-9aaa-26ddf8e769ed', 28498439, TRUE);
INSERT INTO RidePassengerMap (RideID, PassengerID, IsConfirmed) VALUES ('7dad019c-c58d-42db-be4f-9d7d794b57ed', 28498453, TRUE);
INSERT INTO RidePassengerMap (RideID, PassengerID, IsConfirmed) VALUES ('7dad019c-c58d-42db-be4f-9d7d794b57ed', 28498440, TRUE);
INSERT INTO RidePassengerMap (RideID, PassengerID, IsConfirmed) VALUES ('7262c937-95e9-4526-9efc-1d2d65db305c', 28498439, TRUE);
INSERT INTO RidePassengerMap (RideID, PassengerID, IsConfirmed) VALUES ('7262c937-95e9-4526-9efc-1d2d65db305c', 28498456, TRUE);
INSERT INTO RidePassengerMap (RideID, PassengerID, IsConfirmed) VALUES ('4ced265c-6fa0-4485-a41c-267d1b8c52bf', 28498439, TRUE);
INSERT INTO RidePassengerMap (RideID, PassengerID, IsConfirmed) VALUES ('351d6041-9b8f-4b93-b3c8-613788d14dbe', 28498459, TRUE);
INSERT INTO RidePassengerMap (RideID, PassengerID, IsConfirmed) VALUES ('351d6041-9b8f-4b93-b3c8-613788d14dbe', 28498440, FALSE);
INSERT INTO RidePassengerMap (RideID, PassengerID, IsConfirmed) VALUES ('b673fea0-b774-41f3-9e76-2846183a7467', 28498452, FALSE);

-- History
INSERT INTO RideHistory (RideID, AdminID, RideDate, StartTime, Source, Destination, Platform, Price, FemaleOnly) VALUES ('5f2acb79-ebf8-49ef-8588-dd63706e769a', 28498457, '2026-01-30', '22:00:00', 'Ahmedabad Railway Station', 'IIT Gandhinagar (Palaj)', 'Uber', 271, FALSE);
INSERT INTO RideHistory (RideID, AdminID, RideDate, StartTime, Source, Destination, Platform, Price, FemaleOnly) VALUES ('e50d3163-58e1-4708-a621-efafef1425d6', 28498450, '2026-02-12', '22:15:00', 'IIT Gandhinagar (Palaj)', 'IIT Gandhinagar (Palaj)', 'Ola', 200, TRUE);
INSERT INTO RideHistory (RideID, AdminID, RideDate, StartTime, Source, Destination, Platform, Price, FemaleOnly) VALUES ('3357e8ea-a4a9-4f99-9a0a-3643a89d1a51', 28498464, '2026-01-29', '16:30:00', 'Ahmedabad Railway Station', 'IIT Gandhinagar (Palaj)', 'Ola', 209, FALSE);
INSERT INTO RideHistory (RideID, AdminID, RideDate, StartTime, Source, Destination, Platform, Price, FemaleOnly) VALUES ('e4006a76-2154-4b20-ab75-7e2e8184c837', 28498450, '2026-01-27', '11:15:00', 'SVPI Airport', 'IIT Gandhinagar (Palaj)', 'InDrive', 496, FALSE);
INSERT INTO RideHistory (RideID, AdminID, RideDate, StartTime, Source, Destination, Platform, Price, FemaleOnly) VALUES ('1bea2983-7e49-4705-a8a9-36f467fd0873', 28498444, '2026-02-07', '10:15:00', 'Ahmedabad Railway Station', 'Ahmedabad Railway Station', 'InDrive', 423, TRUE);
INSERT INTO RideHistory (RideID, AdminID, RideDate, StartTime, Source, Destination, Platform, Price, FemaleOnly) VALUES ('e98af64b-0dd8-4ae5-90db-063445fb203a', 28498446, '2026-02-10', '07:15:00', 'SG Highway', 'SG Highway', 'Private', 474, TRUE);
INSERT INTO RideHistory (RideID, AdminID, RideDate, StartTime, Source, Destination, Platform, Price, FemaleOnly) VALUES ('0e255964-65fb-4e26-955c-beb69785393b', 28498442, '2026-02-12', '06:15:00', 'IIT Gandhinagar (Palaj)', 'IIT Gandhinagar (Palaj)', 'InDrive', 196, FALSE);
INSERT INTO RideHistory (RideID, AdminID, RideDate, StartTime, Source, Destination, Platform, Price, FemaleOnly) VALUES ('458849ce-94ef-4371-bd9b-1c55b9bec9b6', 28498449, '2026-02-01', '16:30:00', 'IIT Gandhinagar (Palaj)', 'SVPI Airport', 'Private', 231, FALSE);
INSERT INTO RideHistory (RideID, AdminID, RideDate, StartTime, Source, Destination, Platform, Price, FemaleOnly) VALUES ('1fd3e50d-c543-4110-ba47-7144a7321122', 28498462, '2026-02-14', '08:15:00', 'IIT Gandhinagar (Palaj)', 'IIT Gandhinagar (Palaj)', 'Private', 133, FALSE);
INSERT INTO RideHistory (RideID, AdminID, RideDate, StartTime, Source, Destination, Platform, Price, FemaleOnly) VALUES ('9cdc933e-0676-41ba-ae65-7637db70d3ab', 28498439, '2026-02-12', '16:15:00', 'IIT Gandhinagar (Palaj)', 'IIT Gandhinagar (Palaj)', 'InDrive', 484, FALSE);
INSERT INTO RideHistory (RideID, AdminID, RideDate, StartTime, Source, Destination, Platform, Price, FemaleOnly) VALUES ('8f7877f9-d082-4046-a9d0-daa413c1bcf8', 28498447, '2026-02-07', '22:15:00', 'Infocity', 'Infocity', 'InDrive', 231, FALSE);
INSERT INTO RideHistory (RideID, AdminID, RideDate, StartTime, Source, Destination, Platform, Price, FemaleOnly) VALUES ('cf97d981-4613-4bac-971e-e6865052db20', 28498450, '2026-01-26', '11:15:00', 'Infocity', 'IIT Gandhinagar (Palaj)', 'InDrive', 330, FALSE);
INSERT INTO RideHistory (RideID, AdminID, RideDate, StartTime, Source, Destination, Platform, Price, FemaleOnly) VALUES ('b539a100-4699-41d7-bc48-892b1d89bad2', 28498439, '2026-02-02', '12:15:00', 'Ahmedabad Railway Station', 'Ahmedabad Railway Station', 'Uber', 133, FALSE);
INSERT INTO RideHistory (RideID, AdminID, RideDate, StartTime, Source, Destination, Platform, Price, FemaleOnly) VALUES ('cf56023f-de0e-4c63-9db6-bbbd554d452b', 28498451, '2026-02-14', '20:00:00', 'Ahmedabad Railway Station', 'IIT Gandhinagar (Palaj)', 'Ola', 243, FALSE);
INSERT INTO RideHistory (RideID, AdminID, RideDate, StartTime, Source, Destination, Platform, Price, FemaleOnly) VALUES ('3a5cad27-a2e5-4f20-a70e-ddea0e82a852', 28498446, '2026-02-07', '11:15:00', 'Ahmedabad Railway Station', 'IIT Gandhinagar (Palaj)', 'InDrive', 599, TRUE);
INSERT INTO RideHistory (RideID, AdminID, RideDate, StartTime, Source, Destination, Platform, Price, FemaleOnly) VALUES ('3cc9024d-a7ef-46db-87e7-480fadcfa16d', 28498441, '2026-02-03', '08:30:00', 'Infocity', 'IIT Gandhinagar (Palaj)', 'Private', 382, FALSE);
INSERT INTO RideHistory (RideID, AdminID, RideDate, StartTime, Source, Destination, Platform, Price, FemaleOnly) VALUES ('754e06d2-a43b-4b62-8f4e-df9e15593eed', 28498446, '2026-01-31', '21:00:00', 'IIT Gandhinagar (Palaj)', 'IIT Gandhinagar (Palaj)', 'Uber', 278, FALSE);
INSERT INTO RideHistory (RideID, AdminID, RideDate, StartTime, Source, Destination, Platform, Price, FemaleOnly) VALUES ('8469215d-ac85-4a64-ae88-51ec8a89bc09', 28498454, '2026-01-30', '06:15:00', 'IIT Gandhinagar (Palaj)', 'IIT Gandhinagar (Palaj)', 'Uber', 183, FALSE);
INSERT INTO RideHistory (RideID, AdminID, RideDate, StartTime, Source, Destination, Platform, Price, FemaleOnly) VALUES ('62e067d5-5155-4b71-b65f-f7fdc2e1bbf9', 28498465, '2026-01-29', '06:15:00', 'Infocity', 'Infocity', 'Ola', 164, TRUE);
INSERT INTO RideHistory (RideID, AdminID, RideDate, StartTime, Source, Destination, Platform, Price, FemaleOnly) VALUES ('7bafd39b-6e2c-44fb-8b65-373ab4607608', 28498460, '2026-01-31', '08:15:00', 'IIT Gandhinagar (Palaj)', 'IIT Gandhinagar (Palaj)', 'Private', 327, FALSE);
INSERT INTO RideHistory (RideID, AdminID, RideDate, StartTime, Source, Destination, Platform, Price, FemaleOnly) VALUES ('9bd17bb6-2bf9-4245-bae6-5ac56f517ce4', 28498467, '2026-01-27', '14:15:00', 'SG Highway', 'IIT Gandhinagar (Palaj)', 'Uber', 114, FALSE);
INSERT INTO RideHistory (RideID, AdminID, RideDate, StartTime, Source, Destination, Platform, Price, FemaleOnly) VALUES ('974ff030-0e5b-4c22-a242-dee141ffe44b', 28498460, '2026-02-06', '13:15:00', 'Kudasan', 'IIT Gandhinagar (Palaj)', 'Uber', 566, FALSE);
INSERT INTO RideHistory (RideID, AdminID, RideDate, StartTime, Source, Destination, Platform, Price, FemaleOnly) VALUES ('152056fd-7799-4aab-8156-c216eb76f0c3', 28498441, '2026-02-13', '22:30:00', 'IIT Gandhinagar (Palaj)', 'IIT Gandhinagar (Palaj)', 'InDrive', 451, TRUE);
INSERT INTO RideHistory (RideID, AdminID, RideDate, StartTime, Source, Destination, Platform, Price, FemaleOnly) VALUES ('bda24468-ca06-4713-988e-2f9e2cdaa500', 28498453, '2026-02-01', '13:00:00', 'IIT Gandhinagar (Palaj)', 'IIT Gandhinagar (Palaj)', 'Ola', 510, FALSE);
INSERT INTO RideHistory (RideID, AdminID, RideDate, StartTime, Source, Destination, Platform, Price, FemaleOnly) VALUES ('d0f95a70-14c5-4c70-914b-b12771c1098a', 28498458, '2026-02-03', '07:30:00', 'IIT Gandhinagar (Palaj)', 'IIT Gandhinagar (Palaj)', 'Uber', 261, FALSE);
INSERT INTO RideHistory (RideID, AdminID, RideDate, StartTime, Source, Destination, Platform, Price, FemaleOnly) VALUES ('8a668859-41ad-4a2e-baa8-8e9afd0f1061', 28498455, '2026-02-13', '07:15:00', 'Gift City', 'IIT Gandhinagar (Palaj)', 'Uber', 247, FALSE);
INSERT INTO RideHistory (RideID, AdminID, RideDate, StartTime, Source, Destination, Platform, Price, FemaleOnly) VALUES ('8f5dedd8-21b3-4a5d-a1cf-8bd93db74b8c', 28498439, '2026-02-03', '15:30:00', 'SVPI Airport', 'IIT Gandhinagar (Palaj)', 'Ola', 248, FALSE);
INSERT INTO RideHistory (RideID, AdminID, RideDate, StartTime, Source, Destination, Platform, Price, FemaleOnly) VALUES ('f45f8311-e93f-4eba-b0a1-caa4ca41f858', 28498463, '2026-02-07', '22:00:00', 'IIT Gandhinagar (Palaj)', 'SVPI Airport', 'Private', 459, FALSE);
INSERT INTO RideHistory (RideID, AdminID, RideDate, StartTime, Source, Destination, Platform, Price, FemaleOnly) VALUES ('ded92a7a-cb50-4381-8926-2be10b4c45ca', 28498449, '2026-01-26', '16:00:00', 'IIT Gandhinagar (Palaj)', 'Gift City', 'Uber', 476, FALSE);
INSERT INTO RideHistory (RideID, AdminID, RideDate, StartTime, Source, Destination, Platform, Price, FemaleOnly) VALUES ('525867bd-3a18-403b-a0bb-601eee3ce3ee', 28498448, '2026-01-27', '10:30:00', 'Infocity', 'IIT Gandhinagar (Palaj)', 'InDrive', 574, TRUE);
INSERT INTO RideHistory (RideID, AdminID, RideDate, StartTime, Source, Destination, Platform, Price, FemaleOnly) VALUES ('480d513c-d0f3-44ae-802c-da1b7b64a87f', 28498445, '2026-02-13', '09:00:00', 'Ahmedabad Railway Station', 'Ahmedabad Railway Station', 'Ola', 146, FALSE);
INSERT INTO RideHistory (RideID, AdminID, RideDate, StartTime, Source, Destination, Platform, Price, FemaleOnly) VALUES ('e83d295e-e4ef-48f1-aca2-ae62debe3381', 28498459, '2026-01-30', '09:30:00', 'SG Highway', 'IIT Gandhinagar (Palaj)', 'Uber', 356, FALSE);
INSERT INTO RideHistory (RideID, AdminID, RideDate, StartTime, Source, Destination, Platform, Price, FemaleOnly) VALUES ('a8749424-ac53-4119-9b95-6d621d37d052', 28498450, '2026-02-11', '16:15:00', 'SG Highway', 'SG Highway', 'Uber', 446, FALSE);
INSERT INTO RideHistory (RideID, AdminID, RideDate, StartTime, Source, Destination, Platform, Price, FemaleOnly) VALUES ('17bcba21-075c-49c6-8574-47214519b2e1', 28498456, '2026-02-02', '07:30:00', 'Gift City', 'IIT Gandhinagar (Palaj)', 'Private', 384, FALSE);
INSERT INTO RideHistory (RideID, AdminID, RideDate, StartTime, Source, Destination, Platform, Price, FemaleOnly) VALUES ('766d2473-dc58-413f-a814-8c54c928e701', 28498466, '2026-02-04', '13:00:00', 'Ahmedabad Railway Station', 'Ahmedabad Railway Station', 'Ola', 155, FALSE);
INSERT INTO RideHistory (RideID, AdminID, RideDate, StartTime, Source, Destination, Platform, Price, FemaleOnly) VALUES ('4515709e-df3f-4f01-829c-9bfa6aac3af7', 28498449, '2026-02-09', '17:00:00', 'IIT Gandhinagar (Palaj)', 'IIT Gandhinagar (Palaj)', 'Uber', 488, FALSE);
INSERT INTO RideHistory (RideID, AdminID, RideDate, StartTime, Source, Destination, Platform, Price, FemaleOnly) VALUES ('939a2d5e-4b8b-4614-b5a3-c3ac9fd6242f', 28498454, '2026-02-12', '22:30:00', 'IIT Gandhinagar (Palaj)', 'SVPI Airport', 'Ola', 414, TRUE);
INSERT INTO RideHistory (RideID, AdminID, RideDate, StartTime, Source, Destination, Platform, Price, FemaleOnly) VALUES ('b3b7e197-41bd-442c-b30e-94d2ed874009', 28498452, '2026-02-04', '16:30:00', 'SG Highway', 'SG Highway', 'Private', 483, FALSE);
INSERT INTO RideHistory (RideID, AdminID, RideDate, StartTime, Source, Destination, Platform, Price, FemaleOnly) VALUES ('78d88260-537c-4439-b175-ff06c4eb0fcd', 28498447, '2026-01-27', '12:30:00', 'IIT Gandhinagar (Palaj)', 'Ahmedabad Railway Station', 'Ola', 424, TRUE);
INSERT INTO RideHistory (RideID, AdminID, RideDate, StartTime, Source, Destination, Platform, Price, FemaleOnly) VALUES ('9e1bc7fd-a916-4453-a378-017a0e304316', 28498440, '2026-02-02', '19:15:00', 'IIT Gandhinagar (Palaj)', 'Ahmedabad Railway Station', 'Ola', 461, FALSE);

-- Feedback
INSERT INTO RideFeedback (RideID, MemberID, FeedbackText, FeedbackCategory, SubmittedAt) VALUES ('cf97d981-4613-4bac-971e-e6865052db20', 28498449, 'Driver was late', 'Comfort', '2026-02-15 01:03:11');
INSERT INTO RideFeedback (RideID, MemberID, FeedbackText, FeedbackCategory, SubmittedAt) VALUES ('152056fd-7799-4aab-8156-c216eb76f0c3', 28498448, 'Awesome experience', 'Safety', '2026-02-15 01:03:11');
INSERT INTO RideFeedback (RideID, MemberID, FeedbackText, FeedbackCategory, SubmittedAt) VALUES ('525867bd-3a18-403b-a0bb-601eee3ce3ee', 28498450, 'AC not working', 'Comfort', '2026-02-15 01:03:11');
INSERT INTO RideFeedback (RideID, MemberID, FeedbackText, FeedbackCategory, SubmittedAt) VALUES ('a8749424-ac53-4119-9b95-6d621d37d052', 28498438, 'Awesome experience', 'Comfort', '2026-02-15 01:03:11');
INSERT INTO RideFeedback (RideID, MemberID, FeedbackText, FeedbackCategory, SubmittedAt) VALUES ('9bd17bb6-2bf9-4245-bae6-5ac56f517ce4', 28498462, 'Nice Car', 'Punctuality', '2026-02-15 01:03:11');
INSERT INTO RideFeedback (RideID, MemberID, FeedbackText, FeedbackCategory, SubmittedAt) VALUES ('e98af64b-0dd8-4ae5-90db-063445fb203a', 28498465, 'AC not working', 'Comfort', '2026-02-15 01:03:11');
INSERT INTO RideFeedback (RideID, MemberID, FeedbackText, FeedbackCategory, SubmittedAt) VALUES ('1bea2983-7e49-4705-a8a9-36f467fd0873', 28498442, 'Nice Car', 'Punctuality', '2026-02-15 01:03:11');
INSERT INTO RideFeedback (RideID, MemberID, FeedbackText, FeedbackCategory, SubmittedAt) VALUES ('3a5cad27-a2e5-4f20-a70e-ddea0e82a852', 28498451, 'bad copassenger', 'Safety', '2026-02-15 01:03:11');
INSERT INTO RideFeedback (RideID, MemberID, FeedbackText, FeedbackCategory, SubmittedAt) VALUES ('62e067d5-5155-4b71-b65f-f7fdc2e1bbf9', 28498442, 'Nice', 'Comfort', '2026-02-15 01:03:11');
INSERT INTO RideFeedback (RideID, MemberID, FeedbackText, FeedbackCategory, SubmittedAt) VALUES ('e83d295e-e4ef-48f1-aca2-ae62debe3381', 28498460, 'Awesome experience', 'Punctuality', '2026-02-15 01:03:11');
INSERT INTO RideFeedback (RideID, MemberID, FeedbackText, FeedbackCategory, SubmittedAt) VALUES ('3cc9024d-a7ef-46db-87e7-480fadcfa16d', 28498467, 'Will recommned to friends', 'Safety', '2026-02-15 01:03:11');
INSERT INTO RideFeedback (RideID, MemberID, FeedbackText, FeedbackCategory, SubmittedAt) VALUES ('5f2acb79-ebf8-49ef-8588-dd63706e769a', 28498465, 'Friendly co-passengers', 'Comfort', '2026-02-15 01:03:11');
INSERT INTO RideFeedback (RideID, MemberID, FeedbackText, FeedbackCategory, SubmittedAt) VALUES ('766d2473-dc58-413f-a814-8c54c928e701', 28498460, 'Will recommned to friends', 'Safety', '2026-02-15 01:03:11');
INSERT INTO RideFeedback (RideID, MemberID, FeedbackText, FeedbackCategory, SubmittedAt) VALUES ('f45f8311-e93f-4eba-b0a1-caa4ca41f858', 28498463, 'Will recommned to friends', 'Safety', '2026-02-15 01:03:11');
INSERT INTO RideFeedback (RideID, MemberID, FeedbackText, FeedbackCategory, SubmittedAt) VALUES ('8f7877f9-d082-4046-a9d0-daa413c1bcf8', 28498439, 'Driver was late', 'Comfort', '2026-02-15 01:03:11');
INSERT INTO RideFeedback (RideID, MemberID, FeedbackText, FeedbackCategory, SubmittedAt) VALUES ('b3b7e197-41bd-442c-b30e-94d2ed874009', 28498440, 'bad copassenger', 'Comfort', '2026-02-15 01:03:11');
INSERT INTO RideFeedback (RideID, MemberID, FeedbackText, FeedbackCategory, SubmittedAt) VALUES ('bda24468-ca06-4713-988e-2f9e2cdaa500', 28498465, 'Very great experience', 'Safety', '2026-02-15 01:03:11');
INSERT INTO RideFeedback (RideID, MemberID, FeedbackText, FeedbackCategory, SubmittedAt) VALUES ('b539a100-4699-41d7-bc48-892b1d89bad2', 28498452, 'Need to improve chat UI', 'Safety', '2026-02-15 01:03:11');
INSERT INTO RideFeedback (RideID, MemberID, FeedbackText, FeedbackCategory, SubmittedAt) VALUES ('8f5dedd8-21b3-4a5d-a1cf-8bd93db74b8c', 28498439, 'Friendly co-passengers', 'Safety', '2026-02-15 01:03:11');
INSERT INTO RideFeedback (RideID, MemberID, FeedbackText, FeedbackCategory, SubmittedAt) VALUES ('7bafd39b-6e2c-44fb-8b65-373ab4607608', 28498456, 'Need to improve chat UI', 'Comfort', '2026-02-15 01:03:11');

-- Cancellations
INSERT INTO Cancellation (RideID, MemberID, CancellationReason) VALUES ('a1287b4e-2a85-444b-9813-c5a4759cce8c', 28498454, 'Bad co passengers');
INSERT INTO Cancellation (RideID, MemberID, CancellationReason) VALUES ('351d6041-9b8f-4b93-b3c8-613788d14dbe', 28498444, 'Other private reasons');
INSERT INTO Cancellation (RideID, MemberID, CancellationReason) VALUES ('1aa9cfe1-5983-4e69-b836-f2dd09f29b7b', 28498451, 'Bad co passengers');
INSERT INTO Cancellation (RideID, MemberID, CancellationReason) VALUES ('7dad019c-c58d-42db-be4f-9d7d794b57ed', 28498443, 'Plan Changed');
INSERT INTO Cancellation (RideID, MemberID, CancellationReason) VALUES ('119fb431-101b-49d7-be17-92e9caab7c87', 28498448, 'Other private reasons');
INSERT INTO Cancellation (RideID, MemberID, CancellationReason) VALUES ('b3b7e197-41bd-442c-b30e-94d2ed874009', 28498440, 'bad copassenger');
INSERT INTO Cancellation (RideID, MemberID, CalncellationReason) VALUES ('bda24468-ca06-4713-988e-2f9e2cdaa500', 28498465,  'Plan Changed');
INSERT INTO Cancellation (RideID, MemberID, CalncellationReason) VALUES ('b539a100-4699-41d7-bc48-892b1d89bad2', 28498452, 'Plan Changed');
INSERT INTO Cancellation (RideID, MemberID, CalncellationReason) VALUES ('8f5dedd8-21b3-4a5d-a1cf-8bd93db74b8c', 28498439, 'Other private reasons');
INSERT INTO Cancellation (RideID, MemberID, CalncellationReason) VALUES ('7bafd39b-6e2c-44fb-8b65-373ab4607608', 28498456,  'Other private reasons');

Use rideshare;
-- MessageHistory
INSERT INTO MessageHistory (MessageID, RideID, SenderID, MessageText, Timestamp) VALUES
(1,'dd1ee643-2f02-4546-977c-bc55fd4b55ea',28498463,'Hi, I have booked the ride. Are you near the pickup point?','2026-02-10 09:00:00'),
(2,'6e0180e5-20d9-4e12-872f-f6b45ef5cd82',28498446,'Yes, I am 2 minutes away. Please wait near the main gate.','2026-02-10 09:02:00'),
(3,'119fb431-101b-49d7-be17-92e9caab7c87',28498438,'I have booked this shared ride. Is there space for one more bag?','2026-02-10 10:15:00'),
(4,'c409227a-e96e-4444-8749-15c2bd03d2ae',28498455,'Yes, that is fine. I am starting from my location now.','2026-02-10 11:00:00'),
(5,'6f179c80-7958-4a77-b0fb-00d61de45087',28498445,'I am standing outside the mall entrance. Can you see me?','2026-02-10 12:30:00'),
(6,'bc1f49d4-f927-4adf-97a8-86c33187bf44',28498459,'I have reached the pickup spot. Please confirm your location.','2026-02-10 13:10:00'),
(7,'9735ef94-75bf-49ed-bb07-953d50455b23',28498438,'I just booked the ride. What is your exact pickup point?','2026-02-10 14:00:00'),
(8,'4d54af73-b35e-4410-b352-f3eb42ebf559',28498438,'Let us meet near the petrol pump on the left side.','2026-02-10 14:02:00'),
(9,'1aa9cfe1-5983-4e69-b836-f2dd09f29b7b',28498461,'Okay, I am on the way. I will be there in 5 minutes.','2026-02-10 15:20:00'),
(10,'a1287b4e-2a85-444b-9813-c5a4759cce8c',28498439,'I can see your car. Should I get in now?','2026-02-10 16:00:00'),
(11,'f29f6565-5bc4-495a-9878-4b91b3b876c3',28498452,'Yes, please get in. We will leave immediately.','2026-02-10 17:10:00'),
(12,'2b1c3ff3-e65b-40d9-baa2-a294f843e35d',28498447,'How long will it take to reach the destination?','2026-02-10 18:00:00'),
(13,'b83d9c8b-0278-4a57-9ba7-4b9673550776',28498459,'It should take around 30 minutes depending on traffic.','2026-02-10 19:15:00'),
(14,'553aced0-6547-41e5-9aaa-26ddf8e769ed',28498442,'Thanks for accepting my shared ride request.','2026-02-10 20:00:00'),
(15,'7dad019c-c58d-42db-be4f-9d7d794b57ed',28498464,'No problem, happy to share the ride with you!','2026-02-10 21:00:00'),
(16,'7262c937-95e9-4526-9efc-1d2d65db305c',28498445,'I think Uber is better.','2026-02-12 09:00:00'),
(17,'b6facd13-306b-4a00-9ef0-da8c342217a1',28498449,'Can we include I more member?','2026-02-12 09:05:00'),
(18,'4ced265c-6fa0-4485-a41c-267d1b8c52bf',28498447,'Everyone please accecpt the request and comfirm the ride.','2026-02-12 09:10:00'),
(19,'351d6041-9b8f-4b93-b3c8-613788d14dbe',28498443,'Everyone come near to Central Arcade, cab will be there at 5PM.','2026-02-12 09:15:00'),
(20,'b673fea0-b774-41f3-9e76-2846183a7467',28498465,'Hello, I wanna go to Gandhinagar Capital Railway Station.','2026-02-12 09:20:00');

-- Feedback
INSERT INTO RideFeedback (RideID, MemberID, FeedbackText, FeedbackCategory, SubmittedAt) VALUES
('dd1ee643-2f02-4546-977c-bc55fd4b55ea',28498463,'Very smooth ride.','Comfort','2026-02-11 09:00:00'),
('6e0180e5-20d9-4e12-872f-f6b45ef5cd82',28498446,'Driver was punctual.','Punctuality','2026-02-11 09:10:00'),
('119fb431-101b-49d7-be17-92e9caab7c87',28498438,'Felt safe throughout.','Safety','2026-02-11 09:20:00'),
('c409227a-e96e-4444-8749-15c2bd03d2ae',28498455,'Car was clean.','Comfort','2026-02-11 09:30:00'),
('6f179c80-7958-4a77-b0fb-00d61de45087',28498445,'Reached on time.','Punctuality','2026-02-11 09:40:00'),
('bc1f49d4-f927-4adf-97a8-86c33187bf44',28498459,'Good driving skills.','Safety','2026-02-11 09:50:00'),
('9735ef94-75bf-49ed-bb07-953d50455b23',28498438,'AC was not working.','Comfort','2026-02-11 10:00:00'),
('4d54af73-b35e-4410-b352-f3eb42ebf559',28498438,'Driver polite and helpful.','Safety','2026-02-11 10:10:00'),
('1aa9cfe1-5983-4e69-b836-f2dd09f29b7b',28498461,'Slight delay due to traffic.','Punctuality','2026-02-11 10:20:00'),
('a1287b4e-2a85-444b-9813-c5a4759cce8c',28498439,'Comfortable seats.','Comfort','2026-02-11 10:30:00'),
('f29f6565-5bc4-495a-9878-4b91b3b876c3',28498452,'Felt very secure.','Safety','2026-02-11 10:40:00'),
('2b1c3ff3-e65b-40d9-baa2-a294f843e35d',28498447,'On-time departure.','Punctuality','2026-02-11 10:50:00'),
('b83d9c8b-0278-4a57-9ba7-4b9673550776',28498459,'Great experience overall.',NULL,'2026-02-11 11:00:00'),
('553aced0-6547-41e5-9aaa-26ddf8e769ed',28498442,'Driver was friendly.','Safety','2026-02-11 11:10:00'),
('7dad019c-c58d-42db-be4f-9d7d794b57ed',28498464,'Ride was average.',NULL,'2026-02-11 11:20:00'),
('7262c937-95e9-4526-9efc-1d2d65db305c',28498445,'Nice and comfortable ride.','Comfort','2026-02-12 10:00:00'),
('b6facd13-306b-4a00-9ef0-da8c342217a1',28498449,'Driver arrived on time.','Punctuality','2026-02-12 10:10:00'),
('4ced265c-6fa0-4485-a41c-267d1b8c52bf',28498447,'Felt very safe during ride.','Safety','2026-02-12 10:20:00'),
('351d6041-9b8f-4b93-b3c8-613788d14dbe',28498443,'Smooth driving experience.',NULL,'2026-02-12 10:30:00'),
('b673fea0-b774-41f3-9e76-2846183a7467',28498465,'Vehicle was clean and neat.','Comfort','2026-02-12 10:40:00');

-- BookingRequest
INSERT INTO BookingRequests (RequestID, RideID, PassengerID, RequestStatus, RequestedAt) VALUES
(1,'dd1ee643-2f02-4546-977c-bc55fd4b55ea',28498463,'PENDING','2026-02-09 08:00:00'),
(2,'6e0180e5-20d9-4e12-872f-f6b45ef5cd82',28498446,'ACCEPTED','2026-02-09 08:10:00'),
(3,'119fb431-101b-49d7-be17-92e9caab7c87',28498438,'REJECTED','2026-02-09 08:20:00'),
(4,'c409227a-e96e-4444-8749-15c2bd03d2ae',28498455,'ACCEPTED','2026-02-09 08:30:00'),
(5,'6f179c80-7958-4a77-b0fb-00d61de45087',28498445,'PENDING','2026-02-09 08:40:00'),
(6,'bc1f49d4-f927-4adf-97a8-86c33187bf44',28498459,'ACCEPTED','2026-02-09 08:50:00'),
(7,'9735ef94-75bf-49ed-bb07-953d50455b23',28498438,'REJECTED','2026-02-09 09:00:00'),
(8,'4d54af73-b35e-4410-b352-f3eb42ebf559',28498438,'PENDING','2026-02-09 09:10:00'),
(9,'1aa9cfe1-5983-4e69-b836-f2dd09f29b7b',28498461,'ACCEPTED','2026-02-09 09:20:00'),
(10,'a1287b4e-2a85-444b-9813-c5a4759cce8c',28498439,'PENDING','2026-02-09 09:30:00'),
(11,'f29f6565-5bc4-495a-9878-4b91b3b876c3',28498452,'REJECTED','2026-02-09 09:40:00'),
(12,'2b1c3ff3-e65b-40d9-baa2-a294f843e35d',28498447,'ACCEPTED','2026-02-09 09:50:00'),
(13,'b83d9c8b-0278-4a57-9ba7-4b9673550776',28498459,'PENDING','2026-02-09 10:00:00'),
(14,'553aced0-6547-41e5-9aaa-26ddf8e769ed',28498442,'ACCEPTED','2026-02-09 10:10:00'),
(15,'7dad019c-c58d-42db-be4f-9d7d794b57ed',28498464,'REJECTED','2026-02-09 10:20:00'),
(16,'7262c937-95e9-4526-9efc-1d2d65db305c',28498445,'PENDING','2026-02-12 08:00:00'),
(17,'b6facd13-306b-4a00-9ef0-da8c342217a1',28498449,'ACCEPTED','2026-02-12 08:10:00'),
(18,'4ced265c-6fa0-4485-a41c-267d1b8c52bf',28498447,'REJECTED','2026-02-12 08:20:00'),
(19,'351d6041-9b8f-4b93-b3c8-613788d14dbe',28498443,'PENDING','2026-02-12 08:30:00'),
(20,'b673fea0-b774-41f3-9e76-2846183a7467',28498465,'ACCEPTED','2026-02-12 08:40:00');

-- MemberRatings
INSERT INTO MemberRatings (RideID, SenderMemberID, ReceiverMemberID, Rating, RatingComment, RatedAt) VALUES ('5f2acb79-ebf8-49ef-8588-dd63706e769a', 28498438, 28498444, 4.7, 'Friendly and cooperative member.', '2026-02-15 01:24:17');
INSERT INTO MemberRatings (RideID, SenderMemberID, ReceiverMemberID, Rating, RatingComment, RatedAt) VALUES ('5f2acb79-ebf8-49ef-8588-dd63706e769a', 28498442, 28498460, 3.2, 'Ride was fine, nothing to complain about.', '2026-02-15 01:24:17');
INSERT INTO MemberRatings (RideID, SenderMemberID, ReceiverMemberID, Rating, RatingComment, RatedAt) VALUES ('5f2acb79-ebf8-49ef-8588-dd63706e769a', 28498440, 28498439, 3.1, 'Enjoyed the ride, thank you!', '2026-02-15 01:24:17');
INSERT INTO MemberRatings (RideID, SenderMemberID, ReceiverMemberID, Rating, RatingComment, RatedAt) VALUES ('e50d3163-58e1-4708-a621-efafef1425d6', 28498462, 28498448, 4.4, 'Clean car and comfortable journey.', '2026-02-15 01:24:17');
INSERT INTO MemberRatings (RideID, SenderMemberID, ReceiverMemberID, Rating, RatingComment, RatedAt) VALUES ('e50d3163-58e1-4708-a621-efafef1425d6', 28498455, 28498458, 4.7, 'Pleasant trip, no issues.', '2026-02-15 01:24:17');
INSERT INTO MemberRatings (RideID, SenderMemberID, ReceiverMemberID, Rating, RatingComment, RatedAt) VALUES ('e50d3163-58e1-4708-a621-efafef1425d6', 28498457, 28498465, 4.1, 'Comfortable ride, would recommend.', '2026-02-15 01:24:17');
INSERT INTO MemberRatings (RideID, SenderMemberID, ReceiverMemberID, Rating, RatingComment, RatedAt) VALUES ('3357e8ea-a4a9-4f99-9a0a-3643a89d1a51', 28498456, 28498462, 3.6, 'Great ride, very smooth!', '2026-02-15 01:24:17');
INSERT INTO MemberRatings (RideID, SenderMemberID, ReceiverMemberID, Rating, RatingComment, RatedAt) VALUES ('3357e8ea-a4a9-4f99-9a0a-3643a89d1a51', 28498461, 28498445, 4.0, 'Comfortable ride, would recommend.', '2026-02-15 01:24:17');
INSERT INTO MemberRatings (RideID, SenderMemberID, ReceiverMemberID, Rating, RatingComment, RatedAt) VALUES ('3357e8ea-a4a9-4f99-9a0a-3643a89d1a51', 28498445, 28498446, 4.5, 'Great ride, very smooth!', '2026-02-15 01:24:17');
INSERT INTO MemberRatings (RideID, SenderMemberID, ReceiverMemberID, Rating, RatingComment, RatedAt) VALUES ('e4006a76-2154-4b20-ab75-7e2e8184c837', 28498443, 28498461, 3.3, 'Nice experience overall.', '2026-02-15 01:24:17');
INSERT INTO MemberRatings (RideID, SenderMemberID, ReceiverMemberID, Rating, RatingComment, RatedAt) VALUES ('e4006a76-2154-4b20-ab75-7e2e8184c837', 28498460, 28498452, 4.5, 'Ride was fine, nothing to complain about.', '2026-02-15 01:24:17');
INSERT INTO MemberRatings (RideID, SenderMemberID, ReceiverMemberID, Rating, RatingComment, RatedAt) VALUES ('e4006a76-2154-4b20-ab75-7e2e8184c837', 28498459, 28498444, 3.6, 'Nice experience overall.', '2026-02-15 01:24:17');
INSERT INTO MemberRatings (RideID, SenderMemberID, ReceiverMemberID, Rating, RatingComment, RatedAt) VALUES ('1bea2983-7e49-4705-a8a9-36f467fd0873', 28498465, 28498457, 4.1, 'Pleasant trip, no issues.', '2026-02-15 01:24:17');
INSERT INTO MemberRatings (RideID, SenderMemberID, ReceiverMemberID, Rating, RatingComment, RatedAt) VALUES ('1bea2983-7e49-4705-a8a9-36f467fd0873', 28498462, 28498459, 4.8, 'Pleasant trip, no issues.', '2026-02-15 01:24:17');
INSERT INTO MemberRatings (RideID, SenderMemberID, ReceiverMemberID, Rating, RatingComment, RatedAt) VALUES ('1bea2983-7e49-4705-a8a9-36f467fd0873', 28498447, 28498465, 3.8, 'Nice experience overall.', '2026-02-15 01:24:17');
INSERT INTO MemberRatings (RideID, SenderMemberID, ReceiverMemberID, Rating, RatingComment, RatedAt) VALUES ('e98af64b-0dd8-4ae5-90db-063445fb203a', 28498456, 28498454, 4.7, 'Great ride, very smooth!', '2026-02-15 01:24:17');
INSERT INTO MemberRatings (RideID, SenderMemberID, ReceiverMemberID, Rating, RatingComment, RatedAt) VALUES ('e98af64b-0dd8-4ae5-90db-063445fb203a', 28498445, 28498442, 4.8, 'Ride was fine, nothing to complain about.', '2026-02-15 01:24:17');
INSERT INTO MemberRatings (RideID, SenderMemberID, ReceiverMemberID, Rating, RatingComment, RatedAt) VALUES ('e98af64b-0dd8-4ae5-90db-063445fb203a', 28498445, 28498450, 4.5, 'Friendly and cooperative member.', '2026-02-15 01:24:17');
INSERT INTO MemberRatings (RideID, SenderMemberID, ReceiverMemberID, Rating, RatingComment, RatedAt) VALUES ('0e255964-65fb-4e26-955c-beb69785393b', 28498442, 28498451, 3.8, 'Great ride, very smooth!', '2026-02-15 01:24:17');
INSERT INTO MemberRatings (RideID, SenderMemberID, ReceiverMemberID, Rating, RatingComment, RatedAt) VALUES ('0e255964-65fb-4e26-955c-beb69785393b', 28498457, 28498449, 3.0, 'Ride was fine, nothing to complain about.', '2026-02-15 01:24:17');
INSERT INTO MemberRatings (RideID, SenderMemberID, ReceiverMemberID, Rating, RatingComment, RatedAt) VALUES ('0e255964-65fb-4e26-955c-beb69785393b', 28498457, 28498459, 4.8, 'Good communication and coordination.', '2026-02-15 01:24:17');
INSERT INTO MemberRatings (RideID, SenderMemberID, ReceiverMemberID, Rating, RatingComment, RatedAt) VALUES ('458849ce-94ef-4371-bd9b-1c55b9bec9b6', 28498465, 28498445, 4.3, 'Pleasant trip, no issues.', '2026-02-15 01:24:17');
INSERT INTO MemberRatings (RideID, SenderMemberID, ReceiverMemberID, Rating, RatingComment, RatedAt) VALUES ('458849ce-94ef-4371-bd9b-1c55b9bec9b6', 28498449, 28498462, 4.0, 'Comfortable ride, would recommend.', '2026-02-15 01:24:17');
INSERT INTO MemberRatings (RideID, SenderMemberID, ReceiverMemberID, Rating, RatingComment, RatedAt) VALUES ('458849ce-94ef-4371-bd9b-1c55b9bec9b6', 28498465, 28498449, 3.9, 'Comfortable ride, would recommend.', '2026-02-15 01:24:17');
INSERT INTO MemberRatings (RideID, SenderMemberID, ReceiverMemberID, Rating, RatingComment, RatedAt) VALUES ('1fd3e50d-c543-4110-ba47-7144a7321122', 28498456, 28498459, 4.1, 'Pleasant trip, no issues.', '2026-02-15 01:24:17');
INSERT INTO MemberRatings (RideID, SenderMemberID, ReceiverMemberID, Rating, RatingComment, RatedAt) VALUES ('1fd3e50d-c543-4110-ba47-7144a7321122', 28498445, 28498446, 3.0, 'Friendly and cooperative member.', '2026-02-15 01:24:17');
INSERT INTO MemberRatings (RideID, SenderMemberID, ReceiverMemberID, Rating, RatingComment, RatedAt) VALUES ('1fd3e50d-c543-4110-ba47-7144a7321122', 28498463, 28498439, 4.6, 'Clean car and comfortable journey.', '2026-02-15 01:24:17');
INSERT INTO MemberRatings (RideID, SenderMemberID, ReceiverMemberID, Rating, RatingComment, RatedAt) VALUES ('9cdc933e-0676-41ba-ae65-7637db70d3ab', 28498439, 28498440, 4.4, 'Ride was fine, nothing to complain about.', '2026-02-15 01:24:17');
INSERT INTO MemberRatings (RideID, SenderMemberID, ReceiverMemberID, Rating, RatingComment, RatedAt) VALUES ('9cdc933e-0676-41ba-ae65-7637db70d3ab', 28498462, 28498441, 3.9, 'Driver was punctual and polite.', '2026-02-15 01:24:17');
INSERT INTO MemberRatings (RideID, SenderMemberID, ReceiverMemberID, Rating, RatingComment, RatedAt) VALUES ('9cdc933e-0676-41ba-ae65-7637db70d3ab', 28498454, 28498463, 4.0, 'Clean car and comfortable journey.', '2026-02-15 01:24:17');
INSERT INTO MemberRatings (RideID, SenderMemberID, ReceiverMemberID, Rating, RatingComment, RatedAt) VALUES ('8f7877f9-d082-4046-a9d0-daa413c1bcf8', 28498445, 28498439, 3.2, 'Good communication and coordination.', '2026-02-15 01:24:17');
INSERT INTO MemberRatings (RideID, SenderMemberID, ReceiverMemberID, Rating, RatingComment, RatedAt) VALUES ('8f7877f9-d082-4046-a9d0-daa413c1bcf8', 28498457, 28498464, 4.9, 'Great ride, very smooth!', '2026-02-15 01:24:17');
INSERT INTO MemberRatings (RideID, SenderMemberID, ReceiverMemberID, Rating, RatingComment, RatedAt) VALUES ('8f7877f9-d082-4046-a9d0-daa413c1bcf8', 28498438, 28498453, 4.0, 'Driver was punctual and polite.', '2026-02-15 01:24:17');
INSERT INTO MemberRatings (RideID, SenderMemberID, ReceiverMemberID, Rating, RatingComment, RatedAt) VALUES ('cf97d981-4613-4bac-971e-e6865052db20', 28498445, 28498449, 4.8, 'Clean car and comfortable journey.', '2026-02-15 01:24:17');
INSERT INTO MemberRatings (RideID, SenderMemberID, ReceiverMemberID, Rating, RatingComment, RatedAt) VALUES ('cf97d981-4613-4bac-971e-e6865052db20', 28498448, 28498440, 3.0, 'Ride was fine, nothing to complain about.', '2026-02-15 01:24:17');
INSERT INTO MemberRatings (RideID, SenderMemberID, ReceiverMemberID, Rating, RatingComment, RatedAt) VALUES ('cf97d981-4613-4bac-971e-e6865052db20', 28498466, 28498461, 5.0, 'Good communication and coordination.', '2026-02-15 01:24:17');
INSERT INTO MemberRatings (RideID, SenderMemberID, ReceiverMemberID, Rating, RatingComment, RatedAt) VALUES ('b539a100-4699-41d7-bc48-892b1d89bad2', 28498454, 28498438, 4.8, 'Clean car and comfortable journey.', '2026-02-15 01:24:17');
INSERT INTO MemberRatings (RideID, SenderMemberID, ReceiverMemberID, Rating, RatingComment, RatedAt) VALUES ('b539a100-4699-41d7-bc48-892b1d89bad2', 28498444, 28498463, 4.0, 'Nice experience overall.', '2026-02-15 01:24:17');
INSERT INTO MemberRatings (RideID, SenderMemberID, ReceiverMemberID, Rating, RatingComment, RatedAt) VALUES ('b539a100-4699-41d7-bc48-892b1d89bad2', 28498454, 28498447, 3.5, 'Nice experience overall.', '2026-02-15 01:24:17');
INSERT INTO MemberRatings (RideID, SenderMemberID, ReceiverMemberID, Rating, RatingComment, RatedAt) VALUES ('cf56023f-de0e-4c63-9db6-bbbd554d452b', 28498450, 28498447, 4.9, 'Pleasant trip, no issues.', '2026-02-15 01:24:17');
INSERT INTO MemberRatings (RideID, SenderMemberID, ReceiverMemberID, Rating, RatingComment, RatedAt) VALUES ('cf56023f-de0e-4c63-9db6-bbbd554d452b', 28498467, 28498464, 3.2, 'Nice experience overall.', '2026-02-15 01:24:17');
INSERT INTO MemberRatings (RideID, SenderMemberID, ReceiverMemberID, Rating, RatingComment, RatedAt) VALUES ('cf56023f-de0e-4c63-9db6-bbbd554d452b', 28498447, 28498448, 3.4, 'Comfortable ride, would recommend.', '2026-02-15 01:24:17');
INSERT INTO MemberRatings (RideID, SenderMemberID, ReceiverMemberID, Rating, RatingComment, RatedAt) VALUES ('3a5cad27-a2e5-4f20-a70e-ddea0e82a852', 28498449, 28498448, 4.4, 'Good communication and coordination.', '2026-02-15 01:24:17');
INSERT INTO MemberRatings (RideID, SenderMemberID, ReceiverMemberID, Rating, RatingComment, RatedAt) VALUES ('3a5cad27-a2e5-4f20-a70e-ddea0e82a852', 28498459, 28498442, 3.6, 'Good communication and coordination.', '2026-02-15 01:24:17');
INSERT INTO MemberRatings (RideID, SenderMemberID, ReceiverMemberID, Rating, RatingComment, RatedAt) VALUES ('3a5cad27-a2e5-4f20-a70e-ddea0e82a852', 28498438, 28498446, 3.8, 'Friendly and cooperative member.', '2026-02-15 01:24:17');
INSERT INTO MemberRatings (RideID, SenderMemberID, ReceiverMemberID, Rating, RatingComment, RatedAt) VALUES ('3cc9024d-a7ef-46db-87e7-480fadcfa16d', 28498439, 28498441, 3.2, 'Pleasant trip, no issues.', '2026-02-15 01:24:17');
INSERT INTO MemberRatings (RideID, SenderMemberID, ReceiverMemberID, Rating, RatingComment, RatedAt) VALUES ('3cc9024d-a7ef-46db-87e7-480fadcfa16d', 28498443, 28498465, 4.3, 'Comfortable ride, would recommend.', '2026-02-15 01:24:17');
INSERT INTO MemberRatings (RideID, SenderMemberID, ReceiverMemberID, Rating, RatingComment, RatedAt) VALUES ('3cc9024d-a7ef-46db-87e7-480fadcfa16d', 28498456, 28498448, 3.0, 'Good communication and coordination.', '2026-02-15 01:24:17');
INSERT INTO MemberRatings (RideID, SenderMemberID, ReceiverMemberID, Rating, RatingComment, RatedAt) VALUES ('754e06d2-a43b-4b62-8f4e-df9e15593eed', 28498447, 28498464, 3.4, 'Great ride, very smooth!', '2026-02-15 01:24:17');
INSERT INTO MemberRatings (RideID, SenderMemberID, ReceiverMemberID, Rating, RatingComment, RatedAt) VALUES ('754e06d2-a43b-4b62-8f4e-df9e15593eed', 28498439, 28498465, 4.6, 'Enjoyed the ride, thank you!', '2026-02-15 01:24:17');
INSERT INTO MemberRatings (RideID, SenderMemberID, ReceiverMemberID, Rating, RatingComment, RatedAt) VALUES ('754e06d2-a43b-4b62-8f4e-df9e15593eed', 28498449, 28498466, 4.5, 'Driver was punctual and polite.', '2026-02-15 01:24:17');
INSERT INTO MemberRatings (RideID, SenderMemberID, ReceiverMemberID, Rating, RatingComment, RatedAt) VALUES ('8469215d-ac85-4a64-ae88-51ec8a89bc09', 28498440, 28498467, 3.7, 'Comfortable ride, would recommend.', '2026-02-15 01:24:17');
INSERT INTO MemberRatings (RideID, SenderMemberID, ReceiverMemberID, Rating, RatingComment, RatedAt) VALUES ('8469215d-ac85-4a64-ae88-51ec8a89bc09', 28498448, 28498440, 3.5, 'Comfortable ride, would recommend.', '2026-02-15 01:24:17');
INSERT INTO MemberRatings (RideID, SenderMemberID, ReceiverMemberID, Rating, RatingComment, RatedAt) VALUES ('8469215d-ac85-4a64-ae88-51ec8a89bc09', 28498447, 28498450, 4.5, 'Nice experience overall.', '2026-02-15 01:24:17');
INSERT INTO MemberRatings (RideID, SenderMemberID, ReceiverMemberID, Rating, RatingComment, RatedAt) VALUES ('62e067d5-5155-4b71-b65f-f7fdc2e1bbf9', 28498458, 28498442, 3.6, 'Good communication and coordination.', '2026-02-15 01:24:17');
INSERT INTO MemberRatings (RideID, SenderMemberID, ReceiverMemberID, Rating, RatingComment, RatedAt) VALUES ('62e067d5-5155-4b71-b65f-f7fdc2e1bbf9', 28498438, 28498439, 4.6, 'Driver was punctual and polite.', '2026-02-15 01:24:17');
INSERT INTO MemberRatings (RideID, SenderMemberID, ReceiverMemberID, Rating, RatingComment, RatedAt) VALUES ('62e067d5-5155-4b71-b65f-f7fdc2e1bbf9', 28498459, 28498462, 3.5, 'Comfortable ride, would recommend.', '2026-02-15 01:24:17');
INSERT INTO MemberRatings (RideID, SenderMemberID, ReceiverMemberID, Rating, RatingComment, RatedAt) VALUES ('7bafd39b-6e2c-44fb-8b65-373ab4607608', 28498452, 28498464, 4.1, 'Great ride, very smooth!', '2026-02-15 01:24:17');
INSERT INTO MemberRatings (RideID, SenderMemberID, ReceiverMemberID, Rating, RatingComment, RatedAt) VALUES ('7bafd39b-6e2c-44fb-8b65-373ab4607608', 28498452, 28498461, 3.8, 'Enjoyed the ride, thank you!', '2026-02-15 01:24:17');
INSERT INTO MemberRatings (RideID, SenderMemberID, ReceiverMemberID, Rating, RatingComment, RatedAt) VALUES ('7bafd39b-6e2c-44fb-8b65-373ab4607608', 28498439, 28498448, 3.8, 'Friendly and cooperative member.', '2026-02-15 01:24:17');
INSERT INTO MemberRatings (RideID, SenderMemberID, ReceiverMemberID, Rating, RatingComment, RatedAt) VALUES ('9bd17bb6-2bf9-4245-bae6-5ac56f517ce4', 28498445, 28498463, 4.7, 'Great ride, very smooth!', '2026-02-15 01:24:17');
INSERT INTO MemberRatings (RideID, SenderMemberID, ReceiverMemberID, Rating, RatingComment, RatedAt) VALUES ('9bd17bb6-2bf9-4245-bae6-5ac56f517ce4', 28498454, 28498460, 3.1, 'Enjoyed the ride, thank you!', '2026-02-15 01:24:17');
INSERT INTO MemberRatings (RideID, SenderMemberID, ReceiverMemberID, Rating, RatingComment, RatedAt) VALUES ('9bd17bb6-2bf9-4245-bae6-5ac56f517ce4', 28498451, 28498445, 3.9, 'Ride was fine, nothing to complain about.', '2026-02-15 01:24:17');
INSERT INTO MemberRatings (RideID, SenderMemberID, ReceiverMemberID, Rating, RatingComment, RatedAt) VALUES ('974ff030-0e5b-4c22-a242-dee141ffe44b', 28498457, 28498438, 4.1, 'Pleasant trip, no issues.', '2026-02-15 01:24:17');
INSERT INTO MemberRatings (RideID, SenderMemberID, ReceiverMemberID, Rating, RatingComment, RatedAt) VALUES ('974ff030-0e5b-4c22-a242-dee141ffe44b', 28498445, 28498459, 4.9, 'Ride was fine, nothing to complain about.', '2026-02-15 01:24:17');
INSERT INTO MemberRatings (RideID, SenderMemberID, ReceiverMemberID, Rating, RatingComment, RatedAt) VALUES ('974ff030-0e5b-4c22-a242-dee141ffe44b', 28498463, 28498467, 3.9, 'Nice experience overall.', '2026-02-15 01:24:17');
INSERT INTO MemberRatings (RideID, SenderMemberID, ReceiverMemberID, Rating, RatingComment, RatedAt) VALUES ('152056fd-7799-4aab-8156-c216eb76f0c3', 28498462, 28498451, 3.3, 'Good communication and coordination.', '2026-02-15 01:24:17');
INSERT INTO MemberRatings (RideID, SenderMemberID, ReceiverMemberID, Rating, RatingComment, RatedAt) VALUES ('152056fd-7799-4aab-8156-c216eb76f0c3', 28498458, 28498459, 3.3, 'Driver was punctual and polite.', '2026-02-15 01:24:17');
INSERT INTO MemberRatings (RideID, SenderMemberID, ReceiverMemberID, Rating, RatingComment, RatedAt) VALUES ('152056fd-7799-4aab-8156-c216eb76f0c3', 28498450, 28498462, 3.8, 'Pleasant trip, no issues.', '2026-02-15 01:24:17');
INSERT INTO MemberRatings (RideID, SenderMemberID, ReceiverMemberID, Rating, RatingComment, RatedAt) VALUES ('bda24468-ca06-4713-988e-2f9e2cdaa500', 28498450, 28498448, 4.4, 'Friendly and cooperative member.', '2026-02-15 01:24:17');
INSERT INTO MemberRatings (RideID, SenderMemberID, ReceiverMemberID, Rating, RatingComment, RatedAt) VALUES ('bda24468-ca06-4713-988e-2f9e2cdaa500', 28498466, 28498464, 4.8, 'Great ride, very smooth!', '2026-02-15 01:24:17');
INSERT INTO MemberRatings (RideID, SenderMemberID, ReceiverMemberID, Rating, RatingComment, RatedAt) VALUES ('bda24468-ca06-4713-988e-2f9e2cdaa500', 28498458, 28498457, 3.2, 'Great ride, very smooth!', '2026-02-15 01:24:17');
INSERT INTO MemberRatings (RideID, SenderMemberID, ReceiverMemberID, Rating, RatingComment, RatedAt) VALUES ('d0f95a70-14c5-4c70-914b-b12771c1098a', 28498457, 28498441, 3.5, 'Nice experience overall.', '2026-02-15 01:24:17');
INSERT INTO MemberRatings (RideID, SenderMemberID, ReceiverMemberID, Rating, RatingComment, RatedAt) VALUES ('d0f95a70-14c5-4c70-914b-b12771c1098a', 28498458, 28498465, 4.5, 'Clean car and comfortable journey.', '2026-02-15 01:24:17');
INSERT INTO MemberRatings (RideID, SenderMemberID, ReceiverMemberID, Rating, RatingComment, RatedAt) VALUES ('d0f95a70-14c5-4c70-914b-b12771c1098a', 28498467, 28498464, 4.9, 'Driver was punctual and polite.', '2026-02-15 01:24:17');
INSERT INTO MemberRatings (RideID, SenderMemberID, ReceiverMemberID, Rating, RatingComment, RatedAt) VALUES ('8a668859-41ad-4a2e-baa8-8e9afd0f1061', 28498460, 28498455, 3.1, 'Ride was fine, nothing to complain about.', '2026-02-15 01:24:17');
INSERT INTO MemberRatings (RideID, SenderMemberID, ReceiverMemberID, Rating, RatingComment, RatedAt) VALUES ('8a668859-41ad-4a2e-baa8-8e9afd0f1061', 28498467, 28498464, 4.7, 'Comfortable ride, would recommend.', '2026-02-15 01:24:17');
INSERT INTO MemberRatings (RideID, SenderMemberID, ReceiverMemberID, Rating, RatingComment, RatedAt) VALUES ('8a668859-41ad-4a2e-baa8-8e9afd0f1061', 28498447, 28498440, 4.9, 'Comfortable ride, would recommend.', '2026-02-15 01:24:17');
INSERT INTO MemberRatings (RideID, SenderMemberID, ReceiverMemberID, Rating, RatingComment, RatedAt) VALUES ('8f5dedd8-21b3-4a5d-a1cf-8bd93db74b8c', 28498465, 28498438, 4.5, 'Enjoyed the ride, thank you!', '2026-02-15 01:24:17');
INSERT INTO MemberRatings (RideID, SenderMemberID, ReceiverMemberID, Rating, RatingComment, RatedAt) VALUES ('8f5dedd8-21b3-4a5d-a1cf-8bd93db74b8c', 28498447, 28498444, 4.2, 'Good communication and coordination.', '2026-02-15 01:24:17');
INSERT INTO MemberRatings (RideID, SenderMemberID, ReceiverMemberID, Rating, RatingComment, RatedAt) VALUES ('8f5dedd8-21b3-4a5d-a1cf-8bd93db74b8c', 28498447, 28498461, 4.2, 'Friendly and cooperative member.', '2026-02-15 01:24:17');
INSERT INTO MemberRatings (RideID, SenderMemberID, ReceiverMemberID, Rating, RatingComment, RatedAt) VALUES ('f45f8311-e93f-4eba-b0a1-caa4ca41f858', 28498456, 28498465, 4.9, 'Good communication and coordination.', '2026-02-15 01:24:17');
INSERT INTO MemberRatings (RideID, SenderMemberID, ReceiverMemberID, Rating, RatingComment, RatedAt) VALUES ('f45f8311-e93f-4eba-b0a1-caa4ca41f858', 28498448, 28498458, 4.1, 'Good communication and coordination.', '2026-02-15 01:24:17');
INSERT INTO MemberRatings (RideID, SenderMemberID, ReceiverMemberID, Rating, RatingComment, RatedAt) VALUES ('f45f8311-e93f-4eba-b0a1-caa4ca41f858', 28498443, 28498452, 3.9, 'Clean car and comfortable journey.', '2026-02-15 01:24:17');
INSERT INTO MemberRatings (RideID, SenderMemberID, ReceiverMemberID, Rating, RatingComment, RatedAt) VALUES ('ded92a7a-cb50-4381-8926-2be10b4c45ca', 28498458, 28498448, 4.3, 'Enjoyed the ride, thank you!', '2026-02-15 01:24:17');
INSERT INTO MemberRatings (RideID, SenderMemberID, ReceiverMemberID, Rating, RatingComment, RatedAt) VALUES ('ded92a7a-cb50-4381-8926-2be10b4c45ca', 28498451, 28498465, 3.6, 'Good communication and coordination.', '2026-02-15 01:24:17');
INSERT INTO MemberRatings (RideID, SenderMemberID, ReceiverMemberID, Rating, RatingComment, RatedAt) VALUES ('ded92a7a-cb50-4381-8926-2be10b4c45ca', 28498456, 28498444, 3.4, 'Nice experience overall.', '2026-02-15 01:24:17');
INSERT INTO MemberRatings (RideID, SenderMemberID, ReceiverMemberID, Rating, RatingComment, RatedAt) VALUES ('525867bd-3a18-403b-a0bb-601eee3ce3ee', 28498443, 28498440, 3.5, 'Nice experience overall.', '2026-02-15 01:24:17');
INSERT INTO MemberRatings (RideID, SenderMemberID, ReceiverMemberID, Rating, RatingComment, RatedAt) VALUES ('525867bd-3a18-403b-a0bb-601eee3ce3ee', 28498449, 28498451, 4.6, 'Great ride, very smooth!', '2026-02-15 01:24:17');
INSERT INTO MemberRatings (RideID, SenderMemberID, ReceiverMemberID, Rating, RatingComment, RatedAt) VALUES ('525867bd-3a18-403b-a0bb-601eee3ce3ee', 28498441, 28498457, 4.4, 'Great ride, very smooth!', '2026-02-15 01:24:17');
INSERT INTO MemberRatings (RideID, SenderMemberID, ReceiverMemberID, Rating, RatingComment, RatedAt) VALUES ('480d513c-d0f3-44ae-802c-da1b7b64a87f', 28498462, 28498448, 4.3, 'Ride was fine, nothing to complain about.', '2026-02-15 01:24:17');
INSERT INTO MemberRatings (RideID, SenderMemberID, ReceiverMemberID, Rating, RatingComment, RatedAt) VALUES ('480d513c-d0f3-44ae-802c-da1b7b64a87f', 28498460, 28498465, 3.9, 'Enjoyed the ride, thank you!', '2026-02-15 01:24:17');
INSERT INTO MemberRatings (RideID, SenderMemberID, ReceiverMemberID, Rating, RatingComment, RatedAt) VALUES ('480d513c-d0f3-44ae-802c-da1b7b64a87f', 28498464, 28498447, 3.7, 'Nice experience overall.', '2026-02-15 01:24:17');
INSERT INTO MemberRatings (RideID, SenderMemberID, ReceiverMemberID, Rating, RatingComment, RatedAt) VALUES ('e83d295e-e4ef-48f1-aca2-ae62debe3381', 28498459, 28498464, 3.9, 'Pleasant trip, no issues.', '2026-02-15 01:24:17');
INSERT INTO MemberRatings (RideID, SenderMemberID, ReceiverMemberID, Rating, RatingComment, RatedAt) VALUES ('e83d295e-e4ef-48f1-aca2-ae62debe3381', 28498444, 28498442, 4.3, 'Enjoyed the ride, thank you!', '2026-02-15 01:24:17');
INSERT INTO MemberRatings (RideID, SenderMemberID, ReceiverMemberID, Rating, RatingComment, RatedAt) VALUES ('e83d295e-e4ef-48f1-aca2-ae62debe3381', 28498458, 28498441, 4.7, 'Comfortable ride, would recommend.', '2026-02-15 01:24:17');
INSERT INTO MemberRatings (RideID, SenderMemberID, ReceiverMemberID, Rating, RatingComment, RatedAt) VALUES ('a8749424-ac53-4119-9b95-6d621d37d052', 28498447, 28498448, 4.4, 'Enjoyed the ride, thank you!', '2026-02-15 01:24:17');
INSERT INTO MemberRatings (RideID, SenderMemberID, ReceiverMemberID, Rating, RatingComment, RatedAt) VALUES ('a8749424-ac53-4119-9b95-6d621d37d052', 28498440, 28498463, 4.7, 'Ride was fine, nothing to complain about.', '2026-02-15 01:24:17');
INSERT INTO MemberRatings (RideID, SenderMemberID, ReceiverMemberID, Rating, RatingComment, RatedAt) VALUES ('a8749424-ac53-4119-9b95-6d621d37d052', 28498463, 28498460, 3.1, 'Good communication and coordination.', '2026-02-15 01:24:17');
INSERT INTO MemberRatings (RideID, SenderMemberID, ReceiverMemberID, Rating, RatingComment, RatedAt) VALUES ('17bcba21-075c-49c6-8574-47214519b2e1', 28498445, 28498464, 3.6, 'Clean car and comfortable journey.', '2026-02-15 01:24:17');
INSERT INTO MemberRatings (RideID, SenderMemberID, ReceiverMemberID, Rating, RatingComment, RatedAt) VALUES ('17bcba21-075c-49c6-8574-47214519b2e1', 28498460, 28498454, 4.9, 'Great ride, very smooth!', '2026-02-15 01:24:17');
INSERT INTO MemberRatings (RideID, SenderMemberID, ReceiverMemberID, Rating, RatingComment, RatedAt) VALUES ('17bcba21-075c-49c6-8574-47214519b2e1', 28498466, 28498467, 4.8, 'Clean car and comfortable journey.', '2026-02-15 01:24:17');
INSERT INTO MemberRatings (RideID, SenderMemberID, ReceiverMemberID, Rating, RatingComment, RatedAt) VALUES ('766d2473-dc58-413f-a814-8c54c928e701', 28498445, 28498444, 3.1, 'Ride was fine, nothing to complain about.', '2026-02-15 01:24:17');
INSERT INTO MemberRatings (RideID, SenderMemberID, ReceiverMemberID, Rating, RatingComment, RatedAt) VALUES ('766d2473-dc58-413f-a814-8c54c928e701', 28498445, 28498447, 3.5, 'Pleasant trip, no issues.', '2026-02-15 01:24:17');
INSERT INTO MemberRatings (RideID, SenderMemberID, ReceiverMemberID, Rating, RatingComment, RatedAt) VALUES ('766d2473-dc58-413f-a814-8c54c928e701', 28498439, 28498440, 4.5, 'Pleasant trip, no issues.', '2026-02-15 01:24:17');
INSERT INTO MemberRatings (RideID, SenderMemberID, ReceiverMemberID, Rating, RatingComment, RatedAt) VALUES ('4515709e-df3f-4f01-829c-9bfa6aac3af7', 28498448, 28498462, 3.6, 'Nice experience overall.', '2026-02-15 01:24:17');
INSERT INTO MemberRatings (RideID, SenderMemberID, ReceiverMemberID, Rating, RatingComment, RatedAt) VALUES ('4515709e-df3f-4f01-829c-9bfa6aac3af7', 28498460, 28498456, 4.6, 'Friendly and cooperative member.', '2026-02-15 01:24:17');
INSERT INTO MemberRatings (RideID, SenderMemberID, ReceiverMemberID, Rating, RatingComment, RatedAt) VALUES ('4515709e-df3f-4f01-829c-9bfa6aac3af7', 28498456, 28498438, 4.5, 'Great ride, very smooth!', '2026-02-15 01:24:17');
INSERT INTO MemberRatings (RideID, SenderMemberID, ReceiverMemberID, Rating, RatingComment, RatedAt) VALUES ('939a2d5e-4b8b-4614-b5a3-c3ac9fd6242f', 28498450, 28498465, 3.0, 'Enjoyed the ride, thank you!', '2026-02-15 01:24:17');
INSERT INTO MemberRatings (RideID, SenderMemberID, ReceiverMemberID, Rating, RatingComment, RatedAt) VALUES ('939a2d5e-4b8b-4614-b5a3-c3ac9fd6242f', 28498458, 28498466, 4.9, 'Friendly and cooperative member.', '2026-02-15 01:24:17');
INSERT INTO MemberRatings (RideID, SenderMemberID, ReceiverMemberID, Rating, RatingComment, RatedAt) VALUES ('939a2d5e-4b8b-4614-b5a3-c3ac9fd6242f', 28498453, 28498454, 4.4, 'Ride was fine, nothing to complain about.', '2026-02-15 01:24:17');
INSERT INTO MemberRatings (RideID, SenderMemberID, ReceiverMemberID, Rating, RatingComment, RatedAt) VALUES ('b3b7e197-41bd-442c-b30e-94d2ed874009', 28498456, 28498444, 3.3, 'Friendly and cooperative member.', '2026-02-15 01:24:17');
INSERT INTO MemberRatings (RideID, SenderMemberID, ReceiverMemberID, Rating, RatingComment, RatedAt) VALUES ('b3b7e197-41bd-442c-b30e-94d2ed874009', 28498442, 28498461, 4.6, 'Enjoyed the ride, thank you!', '2026-02-15 01:24:17');
INSERT INTO MemberRatings (RideID, SenderMemberID, ReceiverMemberID, Rating, RatingComment, RatedAt) VALUES ('b3b7e197-41bd-442c-b30e-94d2ed874009', 28498439, 28498459, 4.2, 'Enjoyed the ride, thank you!', '2026-02-15 01:24:17');
INSERT INTO MemberRatings (RideID, SenderMemberID, ReceiverMemberID, Rating, RatingComment, RatedAt) VALUES ('78d88260-537c-4439-b175-ff06c4eb0fcd', 28498438, 28498463, 3.4, 'Ride was fine, nothing to complain about.', '2026-02-15 01:24:17');
INSERT INTO MemberRatings (RideID, SenderMemberID, ReceiverMemberID, Rating, RatingComment, RatedAt) VALUES ('78d88260-537c-4439-b175-ff06c4eb0fcd', 28498467, 28498452, 5.0, 'Driver was punctual and polite.', '2026-02-15 01:24:17');
INSERT INTO MemberRatings (RideID, SenderMemberID, ReceiverMemberID, Rating, RatingComment, RatedAt) VALUES ('78d88260-537c-4439-b175-ff06c4eb0fcd', 28498447, 28498445, 3.9, 'Driver was punctual and polite.', '2026-02-15 01:24:17');
INSERT INTO MemberRatings (RideID, SenderMemberID, ReceiverMemberID, Rating, RatingComment, RatedAt) VALUES ('9e1bc7fd-a916-4453-a378-017a0e304316', 28498460, 28498467, 3.1, 'Clean car and comfortable journey.', '2026-02-15 01:24:17');
INSERT INTO MemberRatings (RideID, SenderMemberID, ReceiverMemberID, Rating, RatingComment, RatedAt) VALUES ('9e1bc7fd-a916-4453-a378-017a0e304316', 28498454, 28498441, 4.3, 'Ride was fine, nothing to complain about.', '2026-02-15 01:24:17');
INSERT INTO MemberRatings (RideID, SenderMemberID, ReceiverMemberID, Rating, RatingComment, RatedAt) VALUES ('9e1bc7fd-a916-4453-a378-017a0e304316', 28498458, 28498459, 4.0, 'Driver was punctual and polite.', '2026-02-15 01:24:17');